{
	"version": 1,
	"changelists": [
		{
			"guid": "00000000000000000000000000000000",
			"description": "Default Uncontrolled Changelist",
			"files": [
				"C:/Users/santi/OneDrive/Documents/Unreal Projects/MyProject/Content/StarterContent/Blueprints/Blueprint_CeilingLight.uasset",
				"C:/Users/santi/OneDrive/Documents/Unreal Projects/MyProject/Content/Character/GM_Gamemode.uasset",
				"C:/Users/santi/OneDrive/Documents/Unreal Projects/MyProject/Content/Character/BPC_Personaje.uasset",
				"C:/Users/santi/OneDrive/Documents/Unreal Projects/MyProject/Content/Character/Inputs/Actions/IA_Mover.uasset",
				"C:/Users/santi/OneDrive/Documents/Unreal Projects/MyProject/Content/Character/Inputs/Actions/IA_Mira.uasset",
				"C:/Users/santi/OneDrive/Documents/Unreal Projects/MyProject/Content/Character/Inputs/Actions/IA_Salta.uasset",
				"C:/Users/santi/OneDrive/Documents/Unreal Projects/MyProject/Content/Character/Inputs/Actions/IA_Corre.uasset",
				"C:/Users/santi/OneDrive/Documents/Unreal Projects/MyProject/Content/Character/Inputs/IMC_MapaDeInputs.uasset",
				"C:/Users/santi/OneDrive/Documents/Unreal Projects/MyProject/Content/Juego_Perro.umap"
			]
		}
	]
}